status,path,before_bytes,after_bytes,before_sha256,after_sha256
MODIFIED,.gitignore,108,118,d893d92f6002dbc17cdb49bd5d9a09157e35e809c3c6d62ef6408b6a01ee557a,b73503d942a557c6a40455e83a5daaf81f918aed976e72d621a28e249f8906d3
MODIFIED,app/editor/_components/BrowserProjectRuntime.tsx,44977,48989,64526085de490091769778c0287faca00f6f17ad3fe011190ba5a8e2363efa33,9d60fb3f3440a8017e3bf870a7239df5cff59cbbe5ec97981fdc01a2c0ec67e0
MODIFIED,app/editor/_components/WorkspaceDock.tsx,16349,16901,1a82e7c8f002b93b6676416e91329e4e4a4c97009cff314f394fe1166d8f111a,07207a92fdfeec20e4ebe7bf7eb4374e604795bf95c07000189d36a99af2bf0b
MODIFIED,app/editor/_components/designer/DesignerIcon.tsx,5823,6166,c8365803937659ba950db1ca237e7ca129a691642f119c231008e75dec2c947c,95eb10b8970f8ef65f4f38df123af83df2999ada44563ea409917f773df081e4
MODIFIED,app/editor/_components/designer/DesignerInspector.tsx,17370,17425,c7fce548118247cbc8a8be82cefa97b413258c503c7daf92724055afe1f61a87,2066b73fa0b9a433fb4e8dd655857a9c0ad872c2a49a3c36fa6cc4c7c35e7311
MODIFIED,app/editor/_components/designer/DesignerSidebar.tsx,15629,16682,0d097a0d0c6f77fe19336d188e63ad90fc6b3e2e9e4cbec2f512f8778baab438,074f860781eb9ba7884002a0c7afcae46c0c8fa18c62ca94e1ca257d4fd5faaf
MODIFIED,app/editor/_components/designer/DesignerToolbar.tsx,8799,11772,48e39352677a4c5cf3ce82dbd8b752de9df9498eaadf46bb59fe7d80559b68f9,8f884f78507d63f3e0921a34d114d093c041afb59e0eeb7471380bb0ff0f1e03
MODIFIED,app/editor/_lib/types.ts,2447,2491,67c1750ecfd9a73f0d424c5a9a2ef31a25c2681c15406364d7c8d3fe07817f6c,0b13089d40e069e618bdc2906af5533974626721ed644eaf6c4d21ebd973bc24
MODIFIED,app/editor/page.css,80950,105542,1f442d7ac90a31b5ae1df25c144f25fb44b26104d455a764e876377ad0cd73e7,0c6ccb5efebbe5a1ec136f0ed2680d9d2b08a3a144c3fdd7a2838fdd18832aa9
MODIFIED,app/editor/page.tsx,9376,8911,a9251ab50a75b04bfca3468f3983091117b9c7209675c955b95a130b7ad816f4,7f139e10fcc529430ec35b436997741ab5cd23c75f508fe5aa3fc83f2078f07d
ADDED,docs/ALPHA_BETA_EDITOR_REVIEW.md,0,7812,,8d5b193bd1c14bb0b19c52fec761778d3d87cae1f0607124cca5c19003529a90
ADDED,docs/EDITOR_V3_DELIVERY_NOTES.md,0,1786,,0376d9447750667b386af1e3e56c44abf34a8067aa76f360eaba4c0c4e21b75f
ADDED,docs/EDITOR_V3_HANDOFF.md,0,2709,,29df9a92df5ac0dbd3d80318c55d6f6196d9a4e86a5a33f7146df6bd4170ccd2
ADDED,docs/EDITOR_V3_IMPLEMENTATION_STATUS.md,0,3776,,344cdd6622fd1139c6eef90e0f4e90fb6d488634770305540633aaee7e90962e
ADDED,docs/EDITOR_V3_PATCH_GUIDE.md,0,1049,,160392dc624444a3d9a139c9018e5751df372ddc7363e1f66eab3fed81fe5a77
ADDED,docs/EDITOR_V3_RENDER_VERIFICATION.md,0,3416,,9ad0a372449be9b576fd5158a5e7fca2155d576e538670e8bda6652a025c8d1c
ADDED,docs/EDITOR_V3_SCREENSHOTS.md,0,1044,,b1bce11189b6a6dfe19a614ea0c03f81ed1071d5a7d9cc767683e19013da2ed4
ADDED,docs/EDITOR_V3_TEST_REPORT.md,0,3747,,4b4bef556d9f4ba8d78c754716876d0c137f1786e0a1e148de313edf567b6f7e
ADDED,docs/screenshots/editor-before-actual.png,0,218510,,41a841119323760343311674512cdb34338f23c0635ac8e1d898772dc677c14a
ADDED,docs/screenshots/editor-v3-1366-actual.png,0,210245,,2c530b9004158cfde4cde734cbf99059d479aac9f30050ebab434f7d659875da
ADDED,docs/screenshots/editor-v3-actual.png,0,259234,,7e4d92ede63f12ba10df672f640ae14a9dbcf27703626788809a3a1c421a1688
ADDED,docs/screenshots/editor-v3-before-after-actual.png,0,500768,,1000b0044a4c8c27b371e799ee882d7edf5e8508bd4a5006d91c1fc7c4a22ba3
ADDED,docs/screenshots/editor-v3-insert-actual.png,0,273271,,55dad7ab60bd16af6ea256e1aeb2158637d18a37b6f9011036f06c9d4220e4a5
ADDED,docs/test-logs/editor-v3-adapters.log,0,262,,8c0539e84d4baa8f0e032769e5a43e656c7783eb4615d7b8899436c1054ceb5f
ADDED,docs/test-logs/editor-v3-designer.log,0,240,,405c93d93c15101a3fa378b6927ca38b9f36f95eedd510bdfac2c02408ad324c
ADDED,docs/test-logs/editor-v3-next-build.log,0,445,,492fd3e9a6a9a159df899514a693bb371fc7ce4d77ea91e3a327dd08b9c59250
ADDED,docs/test-logs/editor-v3-render-metrics.log,0,2097,,9adb53c105738bb2e9b6ad60ffd4b2a5fb95d77462b42100ea2333878986cae4
ADDED,docs/test-logs/editor-v3-syntax.log,0,161,,13d9cc9edb167337d3b9116d626fe3745a1a99253e122825c3a28a7de7f1c832
ADDED,docs/test-logs/editor-v3-typecheck.log,0,72,,a0347d169e7dcc1265257b883961af2c22f065bc2e8ddf61e5048b0017beba1a
MODIFIED,public/editor-bridge.js,53062,53951,e96c3d462d4b063588eae1188875f8d5ff0705899b11b8b2c585e93fc145f802,d481f7c9500dab165e051b5f76dc84098b6d855da73a3eef86ccdca86ff42ced
MODIFIED,scripts/designer-editor.test.cjs,11645,12590,c3ec87d8c0f1d2789487fc364fee5d42b2a6a3fd093b3e0c57639acadecbd69b,cca7fcb0ec03cecc098f44dfa00e0c114d6fd5ffb9a054fe24f8c986588e4d52
MODIFIED,tsconfig.json,601,601,a12cb6a008d28c01905c0eda6dfa864253f932760254ffcc0d07ae802aca6018,526ddfc38a4bd9edce7f8547c17287fd9a76e734f7e81aba50d2e779dc24e30e
